{
  "exports": [
    {
      "id": "http.commerce.orders.setFulFillmentInfo.before",
      "virtualPath": "./dist\\commerce.orders.manifest.all.js",
      "actionId": "http.commerce.orders.setFulFillmentInfo.before"
    },
    {
      "id": "http.commerce.orders.setBillingInfo.before",
      "virtualPath": "./dist\\commerce.orders.manifest.all.js",
      "actionId": "http.commerce.orders.setBillingInfo.before"
    },
    {
      "id": "embedded.platform.applications.install",
      "virtualPath": "./dist\\platform.applications.manifest.all.js",
      "actionId": "embedded.platform.applications.install"
    },
    {
      "id": "http.storefront.pages.global.request.before",
      "virtualPath": "./dist\\storefront.manifest.all.js",
      "actionId": "http.storefront.pages.global.request.before"
    },
    {
      "id": "http.storefront.pages.global.request.after",
      "virtualPath": "./dist\\storefront.manifest.all.js",
      "actionId": "http.storefront.pages.global.request.after"
    }
  ]
}